{
  "urls": [
    "ch1.mp3",
    "ch1.ogg",
    "ch1.m4a"
  ],
  "sprite": {
    "silence": [
      0,
      1000,
      true
    ],
    "BetDown": [
      1050,
      614.3083900226758
    ],
    "BonusWin": [
      2100,
      1697.4149659863947
    ],
    "MusicTermLose": [
      4150,
      5076.938775510203
    ],
    "MusicTermWin": [
      10200.000000000002,
      3853.151927437642
    ]
  }
}