{
  "urls": [
    "ch2.mp3",
    "ch2.ogg",
    "ch2.m4a"
  ],
  "sprite": {
    "silence": [
      0,
      1000,
      true
    ],
    "BetUp": [
      1050,
      642.4489795918366
    ],
    "YourNumberSelect": [
      2100,
      892.3582766439911
    ]
  }
}