{
  "urls": [
    "ch3.mp3",
    "ch3.ogg",
    "ch3.m4a"
  ],
  "sprite": {
    "silence": [
      0,
      1000,
      true
    ],
    "BetMax": [
      1050,
      1201.7233560090704
    ],
    "YourNumberSelect2": [
      3100,
      993.3560090702946
    ]
  }
}