{
  "urls": [
    "ch4.mp3",
    "ch4.ogg",
    "ch4.m4a"
  ],
  "sprite": {
    "silence": [
      0,
      1000,
      true
    ],
    "Click": [
      1050,
      1483.4920634920634
    ],
    "YourNumberSelect3": [
      3100,
      1179.455782312925
    ]
  }
}